Algorithm,Model_score
Bagging,0.935672514619883
AdaBoost,0.9064327485380117
Stacking,0.8947368421052632
XGBoost,0.8654970760233918
